{
  "config": {
    "abort": {
      "forgot_password": "Wykryto stronę Zapomniałem hasła. Zwykle jest to wynikiem również nieudanych prób logowania. Amazon może wymagać podjęcia działań przed próbą ponownego logowania.",
      "login_failed": "Alexa Media Player nie może się zalogować.",
      "reauth_successful": "Alexa Media Player pomyślnie uwierzytelniona."
    },
    "error": {
      "connection_error": "Błąd podczas łączenia; sprawdź sieć i spróbuj ponownie",
      "identifier_exists": "Adres e-mail dla Alexy już jest zarejestrowany",
      "invalid_credentials": "Nieprawidłowe dane logowania",
      "unknown_error": "Nieznany błąd, zgłoś log z tego zdarzenia"
    },
    "step": {
      "action_required": {
        "description": "**{email} - alexa.{url}**  \nAmazon wyśle powiadomienie push zgodnie z poniższą wiadomością. Przed kontynuowaniem odpowiedz na wiadomość.  \n{message}",
        "title": "Alexa Media Player — wymagane działanie"
      },
      "authselect": {
        "data": {
          "authselectoption": "Metoda OTP"
        },
        "description": "**{email} - alexa.{url}**  \n{message}",
        "title": "Alexa Media Player — hasło jednorazowe"
      },
      "captcha": {
        "data": {
          "captcha": "Kod Captcha",
          "password": "Hasło",
          "securitycode": "Kod uwierzytelniania dwuskładnikowego"
        },
        "description": "**{email} - alexa.{url}**  \n{message}  \n {captcha_image}",
        "title": "Alexa Media Player — kod Captcha"
      },
      "claimspicker": {
        "data": {
          "authselectoption": "Metoda weryfikacji"
        },
        "description": "**{email} - alexa.{url}**  \nWybierz metodę weryfikacji. (np., `0` lub `1`)  \n{message}",
        "title": "Alexa Media Player — metoda weryfikacji"
      },
      "twofactor": {
        "data": {
          "securitycode": "Kod uwierzytelniania dwuskładnikowego"
        },
        "description": "**{email} - alexa.{url}**  \nWprowadź hasło jednorazowe (OTP).  \n{message}",
        "title": "Alexa Media Player — uwierzytelnianie dwuskładnikowe"
      },
      "user": {
        "data": {
          "cookies_txt": "zawartość pliku cookies.txt",
          "debug": "Zaawansowane debugowanie",
          "email": "Adres email",
          "exclude_devices": "Wykluczone urządzenia (oddzielone przecinkami)",
          "include_devices": "Dodawane urządzenia (oddzielone przecinkami)",
          "password": "Hasło",
          "scan_interval": "Interwał skanowania (sekundy)",
          "securitycode": "Kod uwierzytelniania dwuskładnikowego (zalecany w celu uniknięcia problemów z logowaniem)",
          "url": "Region/domena Amazon (np. amazon.co.uk)"
        },
        "description": "Wprowadź [dane](https://github.com/custom-components/alexa_media_player/wiki/Configuration#integrations-page). **[Import pliku Cookie](https://github.com/custom-components/alexa_media_player/wiki/Configuration#cookie-import) może być najłatwiejszą metodą!**   \n**OSTRZEŻENIE: Amazon nieprawidłowo zgłasza 'Wprowadź prawidłowy adres e-mail lub numer telefonu komórkowego', gdy wymagany jest [kod uwierzytelniania dwuskładnikowego](https://github.com/custom-components/alexa_media_player/wiki/Configuration#enable-two-factor-authentication-for-your-amazon-account).**  \n>{message}",
        "title": "Alexa Media Player — konfiguracja"
      }
    }
  },
  "options": {
    "step": {
      "init": {
        "data": {
          "queue_delay": "Sekundy oczekiwania na kolejkowanie poleceń"
        }
      }
    }
  }
}
